date,home,away,score,source_id
13 October 2007,Uruguay,Bolivia,5–0,S04
17 October 2007,Paraguay,Uruguay,1–0,S04
18 November 2007,Uruguay,Chile,2–2,S04
21 November 2007,Brazil,Uruguay,2–1,S04
14 June 2008,Uruguay,Venezuela,1–1,S04
17 June 2008,Uruguay,Peru,6–0,S04
6 September 2008,Colombia,Uruguay,0–1,S04
10 September 2008,Uruguay,Ecuador,0–0,S04
11 October 2008,Argentina,Uruguay,2–1,S04
14 October 2008,Bolivia,Uruguay,2–2,S04
28 March 2009,Uruguay,Paraguay,2–0,S04
1 April 2009,Chile,Uruguay,0–0,S04
6 June 2009,Uruguay,Brazil,0–4,S04
10 June 2009,Venezuela,Uruguay,2–2,S04
5 September 2009,Peru,Uruguay,1–0,S04
9 September 2009,Uruguay,Colombia,3–1,S04
10 October 2009,Ecuador,Uruguay,1–2,S04
14 October 2009,Uruguay,Argentina,0–1,S04
