number,player,position,date_of_birth,age_at_tournament_start,caps_before_tournament,club_as_listed,source_id
1,Fernando Muslera,Goalkeeper,1986-06-16,23,6,Lazio,S03
2,Diego Lugano (c),Defender,1980-11-02,29,42,Fenerbahçe,S03
3,Diego Godín,Defender,1986-02-16,24,38,Villarreal,S03
4,Jorge Fucile,Defender,1984-11-19,25,24,Porto,S03
5,Walter Gargano,Midfielder,1984-07-23,25,28,Napoli,S03
6,Mauricio Victorino,Defender,1982-10-11,27,4,Universidad de Chile,S03
7,Edinson Cavani,Forward,1987-02-14,23,14,Palermo,S03
8,Sebastián Eguren,Midfielder,1981-01-08,29,27,AIK,S03
9,Luis Suárez,Forward,1987-01-24,23,30,Ajax,S03
10,Diego Forlán,Forward,1979-05-19,31,62,Atlético Madrid,S03
11,Álvaro Pereira,Defender,1985-11-28,24,15,Porto,S03
12,Juan Castillo,Goalkeeper,1978-04-17,32,11,Deportivo Cali,S03
13,Sebastián Abreu,Forward,1976-10-17,33,56,Botafogo,S03
14,Nicolás Lodeiro,Midfielder,1989-03-21,21,4,Ajax,S03
15,Diego Pérez,Midfielder,1980-05-18,30,50,Monaco,S03
16,Maxi Pereira,Defender,1984-06-08,26,37,Benfica,S03
17,Egidio Arévalo Ríos,Midfielder,1982-01-01,28,6,Peñarol,S03
18,Ignacio González,Midfielder,1982-05-14,28,17,Levadiakos,S03
19,Andrés Scotti,Defender,1975-12-14,34,26,Colo-Colo,S03
20,Álvaro Fernández,Midfielder,1985-10-11,24,7,Universidad de Chile,S03
21,Sebastián Fernández,Forward,1985-05-23,25,6,Banfield,S03
22,Martín Cáceres,Defender,1987-04-07,23,19,Juventus,S03
23,Martín Silva,Goalkeeper,1983-03-25,27,1,Defensor Sporting,S03
